sex,meanlog,income
male,10.881335706742295,53174.57814705569
female,10.717694467769812,45147.693296875805
